{"train/average_loss":0.00470163279852045,"test/r2_cm":0.9360132774923746,"val/average_loss":0.00491867633536458,"test/loss":0.007059733383357525,"_runtime":890,"test/r2_cl":0.9570773688182506,"model/param#":7334,"val/mae_cl":0.091011893581599,"train/loss_batch":0.006826070137321949,"_timestamp":1.7634764787713974e+09,"val/mae_cm":0.016908645175717538,"_wandb":{"runtime":890},"epoch":100,"val/r2_cl":0.9697570817589146,"val/r2_cm":0.930410337200194,"val/loss_best":0.0025279626715928316,"val/mae_cd":0.009103456709435704,"test/mae_cm":0.014597954097149025,"test/mae_cl":0.08523607842008915,"val/r2_cd":0.8737531133764903,"test/r2_cd":0.7776432884748679,"test/results_table":{"size":1294545,"artifact_path":"wandb-client-artifact://fz0cxeczz9n3bz2cyzc3f1c80zj5auvowu7utnroeatev7oxz01hum09hvt7h25bmlxoc396uecdcmefzzccr3o6lmhx637fpb4xx8c48kztt8fb22fx4zyu2muf732y/test/results_table.table.json","ncols":6,"nrows":17250,"sha256":"8a2ba59e0fcc30dfcf343fc8ec81faf404650f5c7c32aee1db27b5edb73ab600","_latest_artifact_path":"wandb-client-artifact://896qsmu6jjkdp5skyd5dpyp5un7hw443q5batdbwnr99r2dks3pz7rplnwu2ocrgjnrlnrfab0ll9059njkk1796h7qqf4fqymud3ittf60bzrigjaggfogkqomx0zfm:latest/test/results_table.table.json","path":"media/table/test/results_table_100202_8a2ba59e0fcc30dfcf34.table.json","log_mode":"IMMUTABLE","_type":"table-file"},"test/mae_cd":0.01348700514067979,"_step":100202}